	Common Settings;	
	.Source/Sweep Points;	100
	.Repeat;	0
	.Source to Measure Delay;	0,1
	.Measure Window;	20 ms
	.NPLC;	1
	.Channel;	SMU-1
	..Instrument;	My 2450
	...Model;	2450
	...Serial Number;	04644437
	..Source Settings;	
	...Mode;	DC
	...Function;	Voltage Sweep
	...Type;	Linear
	...Dual Sweep;	Disabled
	...Range;	Auto
	...Start;	-1
	...Stop;	1
	...Step;	0,0202020202020202
	...Limit;	0,001
	..Measure Settings;	
	...Voltage;	Measured
	...Current;	True
	...Range;	Auto
	...Minimum Range;	1E-08
	...Resistance;	False
	...Power;	False
	...Auto Zero;	On
	..Instrument Settings;	
	...Input Terminals;	Front
	...Sense;	2-Wire
	...Output Off;	Normal
	...High Capacitance;	False

"Index";"SMU-1 Time (s)";"SMU-1 Voltage (V)";"SMU-1 Current (A)"
"1";"0";"-0,999995291233063";"-4,77967187180184E-05"
"2";"0,18264182";"-0,979799330234528";"-4,67840545752551E-05"
"3";"0,36526488";"-0,959589660167694";"-4,5803146349499E-05"
"4";"0,54788666";"-0,939389109611511";"-4,48145947302692E-05"
"5";"0,730511";"-0,919184386730194";"-4,38737260992639E-05"
"6";"0,91314496";"-0,898982346057892";"-4,29229548899457E-05"
"7";"1,09577326";"-0,878780364990234";"-4,19576135755051E-05"
"8";"1,27839684";"-0,858608603477478";"-4,09800486522727E-05"
"9";"1,46102374";"-0,838403463363647";"-4,00215030822437E-05"
"10";"1,64365466";"-0,818200707435608";"-3,90434652217664E-05"
"11";"1,82628972";"-0,798001825809479";"-3,80389101337641E-05"
"12";"2,00891032";"-0,777797341346741";"-3,70775087503716E-05"
"13";"2,19153604";"-0,757591187953949";"-3,60490703315008E-05"
"14";"2,37418422";"-0,737355291843414";"-3,51210837834515E-05"
"15";"2,55681178";"-0,717147529125214";"-3,41299128194805E-05"
"16";"2,73943424";"-0,696950256824493";"-3,3134772820631E-05"
"17";"2,92207824";"-0,676742136478424";"-3,21355801133905E-05"
"18";"3,10470804";"-0,656540274620056";"-3,1123316148296E-05"
"19";"3,287342";"-0,636339962482452";"-3,0118870199658E-05"
"20";"3,46995758";"-0,616133391857147";"-2,9121609259164E-05"
"21";"3,65258356";"-0,595929682254791";"-2,80930162261939E-05"
"22";"3,8352222";"-0,575760364532471";"-2,70791642833501E-05"
"23";"4,01784728";"-0,55555385351181";"-2,60408614849439E-05"
"24";"4,20047232";"-0,535354137420654";"-2,50161810981808E-05"
"25";"4,38309734";"-0,515145897865295";"-2,39872642850969E-05"
"26";"4,56573962";"-0,494947999715805";"-2,29570796363987E-05"
"27";"4,74835622";"-0,474742531776428";"-2,18987352127442E-05"
"28";"4,93097706";"-0,454536229372025";"-2,08403453143546E-05"
"29";"5,11361592";"-0,434338361024857";"-1,9777722627623E-05"
"30";"5,2962473";"-0,41416198015213";"-1,87230398296379E-05"
"31";"5,47889946";"-0,393960535526276";"-1,76470584847266E-05"
"32";"5,66152078";"-0,373757511377335";"-1,65836227097316E-05"
"33";"5,84415016";"-0,353551656007767";"-1,55102225107839E-05"
"34";"6,0267757";"-0,333349734544754";"-1,44417581395828E-05"
"35";"6,20939228";"-0,313140630722046";"-1,33814282889944E-05"
"36";"6,39202658";"-0,292939573526382";"-1,2299625268497E-05"
"37";"6,57464844";"-0,272735804319382";"-1,12566422103555E-05"
"38";"6,7572745";"-0,252524524927139";"-1,02308704299503E-05"
"39";"7,1022225";"-0,232280373573303";"-9,20468119147699E-06"
"40";"7,28488966";"-0,212075471878052";"-8,21662069938611E-06"
"41";"7,46752458";"-0,191912651062012";"-7,2571683631395E-06"
"42";"7,65015812";"-0,171711400151253";"-6,33003537586774E-06"
"43";"7,83279996";"-0,151513010263443";"-5,44981094208197E-06"
"44";"8,0154395";"-0,131312906742096";"-4,59132934338413E-06"
"45";"8,19806652";"-0,11110907793045";"-3,78022332370165E-06"
"46";"8,38070452";"-0,0909097418189049";"-3,00564170174766E-06"
"47";"8,5633473";"-0,0707058161497116";"-2,26935571845388E-06"
"48";"8,74596012";"-0,0505061000585556";"-1,56686019181507E-06"
"49";"9,09492696";"-0,0302915964275599";"-8,92073614977562E-07"
"50";"9,2775543";"-0,010100637562573";"-2,38861360912779E-07"
"51";"9,46021132";"0,0100982859730721";"3,99330900791028E-07"
"52";"9,64289216";"0,0302589479833841";"1,02955334568833E-06"
"53";"10,14127102";"0,0504896566271782";"1,66077325047809E-06"
"54";"10,32392236";"0,0706856697797775";"2,29918737204571E-06"
"55";"10,5065752";"0,0908882617950439";"2,96205735139665E-06"
"56";"10,6892072";"0,111086942255497";"3,6508333778329E-06"
"57";"10,87184998";"0,131289035081863";"4,38258530266467E-06"
"58";"11,05449442";"0,15148489177227";"5,15853571414482E-06"
"59";"11,23713518";"0,171684607863426";"6,0010625020368E-06"
"60";"11,41978964";"0,191887840628624";"6,91158265908598E-06"
"61";"11,60244882";"0,21206670999527";"7,91258662502514E-06"
"62";"11,78511914";"0,232266277074814";"9,01762905414216E-06"
"63";"11,96776142";"0,25249046087265";"1,01998239188106E-05"
"64";"12,46216932";"0,272724002599716";"1,14940185085288E-05"
"65";"12,64484514";"0,292925417423248";"1,2908428288938E-05"
"66";"12,827501";"0,31312221288681";"1,43942143040476E-05"
"67";"13,01017176";"0,333325862884521";"1,60013460117625E-05"
"68";"13,19280144";"0,353522717952728";"1,77382535184734E-05"
"69";"13,37544402";"0,373724699020386";"1,95682951016352E-05"
"70";"13,558092";"0,393924176692963";"2,14309220609721E-05"
"71";"13,74075336";"0,414119005203247";"2,34726994676748E-05"
"72";"13,92339932";"0,434325367212296";"2,55956092587439E-05"
"73";"14,1060393";"0,454519808292389";"2,7762525860453E-05"
"74";"14,28868052";"0,474724441766739";"2,99822331726318E-05"
"75";"14,47132658";"0,49492222070694";"3,22937303280924E-05"
"76";"14,65398242";"0,51511949300766";"3,46429696946871E-05"
"77";"14,83662926";"0,535321891307831";"3,69966910511721E-05"
"78";"15,01926982";"0,555517613887787";"3,94717062590644E-05"
"79";"15,20191756";"0,575718462467194";"4,19459174736403E-05"
"80";"15,38455082";"0,595921456813812";"4,44225697719958E-05"
"81";"15,56717286";"0,616115748882294";"4,69581464130897E-05"
"82";"15,7498214";"0,636317789554596";"4,94739033456426E-05"
"83";"15,9324702";"0,65651273727417";"5,19785717187915E-05"
"84";"16,1151394";"0,676710188388824";"5,44629328942392E-05"
"85";"16,29777738";"0,696913123130798";"5,69777403143235E-05"
"86";"16,48040568";"0,717105388641357";"5,94982229813468E-05"
"87";"16,66304122";"0,737306952476501";"6,20457940385677E-05"
"88";"16,84570418";"0,757540702819824";"6,45148393232375E-05"
"89";"17,02837534";"0,777738988399506";"6,69783985358663E-05"
"90";"17,21101956";"0,797940015792847";"6,94965201546438E-05"
"91";"17,39367358";"0,818133056163788";"7,20079478924163E-05"
"92";"17,57633852";"0,838334739208221";"7,45060606277548E-05"
"93";"17,75898212";"0,858532130718231";"7,70520637161098E-05"
"94";"17,94165796";"0,878734588623047";"7,96243039076217E-05"
"95";"18,12431306";"0,898931384086609";"8,22287183837034E-05"
"96";"18,30694356";"0,919131934642792";"8,47139162942767E-05"
"97";"18,48958448";"0,9393270611763";"8,72626842465252E-05"
"98";"18,67225482";"0,959526300430298";"8,98194630281068E-05"
"99";"18,8548773";"0,97972559928894";"9,23893167055212E-05"
"100";"19,03752068";"0,99992161989212";"9,49431560002267E-05"

"Min";"0";"-0,999995291233063";"-4,77967187180184E-05"
"Max";"19,03752068";"0,99992161989212";"9,49431560002267E-05"
"Mean";"9,4944931556";"-1,73576641828244E-05";"7,60024611906829E-06"
"StdDev";"5,70338922395654";"0,586069878243754";"3,9021421942417E-05"
"CV";"60,070496976372%";"-3376432,86602858%";"513,423135660252%"
